{"cameraMode":{"drawMode":0,"name":"Shaded","section":"Shading Mode"},"sceneLighting":true,"audioPlay":false,"sceneViewState":{"m_AlwaysRefresh":false,"showFog":true,"showSkybox":true,"showFlares":true,"showImageEffects":true,"showParticleSystems":true,"showVisualEffectGraphs":true,"m_FxEnabled":true},"in2DMode":false,"pivot":{"x":-4.3238525390625,"y":-103.40626525878906,"z":102.51862335205078},"rotation":{"x":0.38070228695869448,"y":-0.013315025717020035,"z":0.005482520442456007,"w":0.9245859384536743},"size":86.77149200439453,"orthographic":false}