{"cameraMode":{"drawMode":0,"name":"Shaded","section":"Shading Mode"},"sceneLighting":true,"audioPlay":false,"sceneViewState":{"m_AlwaysRefresh":false,"showFog":true,"showSkybox":true,"showFlares":true,"showImageEffects":true,"showParticleSystems":true,"showVisualEffectGraphs":true,"m_FxEnabled":true},"in2DMode":false,"pivot":{"x":22.506343841552736,"y":2.878903388977051,"z":15.742116928100586},"rotation":{"x":-0.02350163273513317,"y":-0.7661359310150147,"z":-0.028049442917108537,"w":0.6416642665863037},"size":7.141846656799316,"orthographic":false}