{"cameraMode":{"drawMode":0,"name":"Shaded","section":"Shading Mode"},"sceneLighting":true,"audioPlay":false,"sceneViewState":{"m_AlwaysRefresh":false,"showFog":true,"showSkybox":true,"showFlares":true,"showImageEffects":true,"showParticleSystems":true,"showVisualEffectGraphs":true,"m_FxEnabled":true},"in2DMode":false,"pivot":{"x":22.506343841552736,"y":2.878903388977051,"z":15.742116928100586},"rotation":{"x":-0.016039138659834863,"y":0.13991563022136689,"z":-0.002263447968289256,"w":-0.9900418519973755},"size":1.8006922006607056,"orthographic":true}