{"cameraMode":{"drawMode":0,"name":"Shaded","section":"Shading Mode"},"sceneLighting":true,"audioPlay":false,"sceneViewState":{"m_AlwaysRefresh":false,"showFog":true,"showSkybox":true,"showFlares":true,"showImageEffects":true,"showParticleSystems":true,"showVisualEffectGraphs":true,"m_FxEnabled":true},"in2DMode":false,"pivot":{"x":40.03802490234375,"y":1.5577268600463868,"z":17.681941986083986},"rotation":{"x":-0.0077768671326339249,"y":-0.7082926630973816,"z":0.01046417374163866,"w":-0.7062934041023254},"size":5.499971389770508,"orthographic":false}