{"cameraMode":{"drawMode":0,"name":"Shaded","section":"Shading Mode"},"sceneLighting":true,"audioPlay":false,"sceneViewState":{"m_AlwaysRefresh":false,"showFog":true,"showSkybox":true,"showFlares":true,"showImageEffects":true,"showParticleSystems":true,"showVisualEffectGraphs":true,"m_FxEnabled":true},"in2DMode":false,"pivot":{"x":13.610311508178711,"y":-1.022139310836792,"z":17.048704147338868},"rotation":{"x":0.10719151794910431,"y":-0.8484219908714294,"z":0.18501734733581544,"w":0.48504963517189028},"size":2.3245320320129396,"orthographic":false}